FAMILY	n_DNA	n_LTR	n_SINE	n_LINE	freshwater	brackwater	saltwater	DNA	LINEs	LTR	SINEs	Simple	Total	TEs	DNA_frac	LINEs_frac	SINEs_frac	LTR_frac	bp	contig_bp	n50_contig	n50_scaffold	longest_scaffold	num_strs_unit20	mean_length_unit20	mean_length_sd_unit20	strs_bp_per_mbp_unit20	strs_corr_bp_per_mbp_unit20	strs_per_mbp_unit20	busco_complete_single	busco_complete_dup	busco_fragmented	busco_missing	snps	mnps	indels	complex	in_60	coverage	cegma_complete	cegma_partial	ca_coverage	snps_per_kbp	num_genes	strs_corr_bp_per_mbp_cds_unit20	num_strs_unit10	mean_length_unit10	mean_length_sd_unit10	strs_bp_per_mbp_unit10	strs_corr_bp_per_mbp_unit10	strs_per_mbp_unit10	strs_corr_bp_per_mbp_cds_unit10	indels_per_kbp	num_kogs	num_introns	mean_intron_size	std_intron_size	num_strs_filter_unit20	mean_length_filter_unit20	mean_length_sd_filter_unit20	strs_bp_per_mbp_filter_unit20	strs_corr_bp_per_mbp_filter_unit20	strs_per_mbp_filter_unit20	num_strs_unit10_1	mean_length_unit10_1	mean_length_sd_unit10_1	strs_bp_per_mbp_unit10_1	strs_corr_bp_per_mbp_unit10_1	strs_per_mbp_unit10_1	num_strs_unit10_2	mean_length_unit10_2	mean_length_sd_unit10_2	strs_bp_per_mbp_unit10_2	strs_corr_bp_per_mbp_unit10_2	strs_per_mbp_unit10_2	num_strs_unit10_3	mean_length_unit10_3	mean_length_sd_unit10_3	strs_bp_per_mbp_unit10_3	strs_corr_bp_per_mbp_unit10_3	strs_per_mbp_unit10_3	num_strs_unit10_4	mean_length_unit10_4	mean_length_sd_unit10_4	strs_bp_per_mbp_unit10_4	strs_corr_bp_per_mbp_unit10_4	strs_per_mbp_unit10_4	num_strs_unit10_5	mean_length_unit10_5	mean_length_sd_unit10_5	strs_bp_per_mbp_unit10_5	strs_corr_bp_per_mbp_unit10_5	strs_per_mbp_unit10_5	num_strs_unit10_6	mean_length_unit10_6	mean_length_sd_unit10_6	strs_bp_per_mbp_unit10_6	strs_corr_bp_per_mbp_unit10_6	strs_per_mbp_unit10_6	num_strs_unit10_7	mean_length_unit10_7	mean_length_sd_unit10_7	strs_bp_per_mbp_unit10_7	strs_corr_bp_per_mbp_unit10_7	strs_per_mbp_unit10_7	num_strs_unit10_8	mean_length_unit10_8	mean_length_sd_unit10_8	strs_bp_per_mbp_unit10_8	strs_corr_bp_per_mbp_unit10_8	strs_per_mbp_unit10_8	num_strs_unit10_9	mean_length_unit10_9	mean_length_sd_unit10_9	strs_bp_per_mbp_unit10_9	strs_corr_bp_per_mbp_unit10_9	strs_per_mbp_unit10_9	num_strs_unit10_10	mean_length_unit10_10	mean_length_sd_unit10_10	strs_bp_per_mbp_unit10_10	strs_corr_bp_per_mbp_unit10_10	strs_per_mbp_unit10_10	preqc_genome_size	strs_perc	scaled_bp	sum_strs_per_mbp_unit10	prop_class	log_strs	brood1_bin	water_bin	w_b	nTEs	nTEs_density	family_age	family_age_ln	family_richness	family_richness_ln	div_rate_e0_family	div_rate_e5_family	div_rate_e9_family
Adrianichthyidae	211254.0	98655.0	17515.0	39572.0	1.0	1.0	0.0	7.45	4.43	1.87	0.36	0.73	28.0	14.11	0.5279943302622254	0.31396172927002125	0.025513819985825657	0.13253012048192772	869000216.0	700386597.0	9628.0	29908082.0	39973033.0	215570.0	36.47	89.16	8789.6	10905.6	248.067	3584.0	49.0	74.0	40.0	0.0	0.0	0.0	0.0	0.0	0.0	227.0	235.0	0.0	0.0	24286.0	5927.21	190422.0	26.96	43.35	5837.19	7242.45	219.128	2805.9	0.0	0.0	0.0	0.0	0.0	215570.0	36.47	89.16	8789.6	10905.6	248.067	64182.0	16.23	3.89	1199.04	1487.7	73.8573	32384.0	25.83	18.05	961.88	1193.45	37.2658	20944.0	23.85	30.84	574.19	712.42	24.1013	26611.0	45.59	59.79	1389.82	1724.42	30.6226	15862.0	26.56	30.85	483.0	599.28	18.2532	6884.0	26.01	24.76	205.74	255.27	7.92175	4815.0	24.59	25.03	136.22	169.01	5.54085	5015.0	37.61	81.43	215.11	266.9	5.771	6365.0	34.67	63.75	249.22	309.22	7.324510000000001	7360.0	56.43	130.63	461.51	572.62	8.469510000000001	0.0	0.583719	0.7804740029649281	5875.7300000000005	0.5039285714285714	3.76620382978585	1.0	1.0	1.0	366996.0	422.31980296768995	71.879041	4.27498472	37.0	3.610917913	0.050236034	0.040963804	0.021230894
Amblyopsidae	267660.0	83422.0	1748.0	48275.0	1.0	0.0	0.0	9.86	5.12	1.9	0.04	2.64	34.01	16.919999999999998	0.58274231678487	0.3026004728132388	0.0023640661938534283	0.11229314420803783	555559596.0	554848510.0	7314.0	9654.0	103791.0	457828.0	38.27	55.36	30036.4	30074.9	824.915	2024.0	55.0	763.0	911.0	1079087.0	45753.0	147697.0	96495.0	1.0	32.1369	167.0	222.0	22.85	1.9448299999999998	26499.0	6121.31	414599.0	33.77	41.14	24462.8	24494.1	747.025	3980.51	0.26619299999999996	403.0	2949.0	435.89599999999996	398.07099999999997	0.0	0.0	0.0	0.0	0.0	0.0	26706.0	17.59	7.22	845.78	846.86	48.1189	242562.0	34.47	36.27	15041.6	15060.9	437.04900000000004	31128.0	27.32	30.23	1525.04	1527.0	56.0865	52385.0	32.46	41.81	3038.02	3041.91	94.3874	10786.0	32.65	50.33	627.7	628.5	19.4342	10118.0	33.97	39.38	616.17	616.96	18.2306	5745.0	32.23	48.18	328.33	328.75	10.3514	11743.0	43.7	60.63	916.56	917.73	21.1586	6567.0	34.25	45.91	400.78	401.3	11.8324	16859.0	59.17	86.89	1741.34	1743.57	30.3766	681517010.0	2.44628	-0.2651614217600518	25081.320000000003	0.49750073507791825	4.388506164677122	1.0	1.0	1.0	401105.0	721.9837491565892	41.500002	3.725693475	9.0	2.197224577	0.052945168	0.038781635	0.014163533
Anabantidae	118651.0	53862.0	5984.0	22281.0	1.0	1.0	0.0	4.36	2.61	0.48	0.14	1.71	11.23	7.590000000000001	0.5744400527009222	0.3438735177865612	0.01844532279314888	0.06324110671936758	524844595.0	523783392.0	18817.0	50227.0	436107.0	219544.0	34.24	58.32	13928.9	13957.1	418.977	3314.0	110.0	245.0	139.0	786749.0	33572.0	148796.0	68171.0	1.0	24.4581	225.0	240.0	22.08	1.50205	25419.0	2943.18	208274.0	31.87	48.96	12403.1	12428.3	397.469	2425.65	0.28407899999999997	440.0	3735.0	383.527	385.82199999999995	185040.0	33.65	50.88	11625.7	13009.7	353.13	33965.0	17.16	5.88	1110.51	1112.76	64.8187	96368.0	35.96	39.82	6598.63	6611.99	183.908	24442.0	27.26	43.2	1264.24	1266.8	46.645	15301.0	33.12	63.53	960.96	962.91	29.2004	12482.0	31.88	57.05	753.51	755.04	23.8206	7187.0	28.82	48.71	393.0	393.79	13.7156	4555.0	29.9	57.79	254.92	255.44	8.69275	4599.0	40.25	80.76	346.97	347.67	8.77672	3999.0	38.42	80.4	289.38	289.97	7.63168	5376.0	62.61	132.26	614.53	615.78	10.2595	560235974.0	1.24031	-0.3676264217210115	12586.65	0.6758682101513803	4.09353024521327	1.0	1.0	1.0	200778.0	382.5475234245291	62.798971	4.139938688	31.0	3.433987204	0.054682221	0.044150225	0.022075113
Anguillidae	397855.5	73488.5	31046.0	56999.5	1.0	1.0	0.5	6.07	1.42	0.845	0.41	1.935	15.66	8.745	0.6936207679327331	0.1630111875375608	0.047047098929534	0.09632094560017217	1084919661.5	954274508.0	1968.0	56253.0	1594456.5	708122.5	28.77	34.230000000000004	18368.55	20877.85	650.4665	2607.5	215.5	460.0	630.5	0.0	0.0	0.0	0.0	0.0	0.0	201.5	231.0	0.0	0.0	27625.0	5389.969999999999	638613.5	23.835	18.915	13866.85	15761.95	586.634	3360.06	0.0	413.0	3315.0	618.9860000000001	548.642	708122.5	28.77	34.230000000000004	18368.55	20877.85	650.4665	110919.0	16.369999999999997	4.17	1679.65	1912.72	102.72925000000001	288032.5	23.245	13.274999999999999	6135.355	6971.225	263.7925	58052.5	23.924999999999997	13.77	1277.62	1453.52	53.55215	62850.5	25.439999999999998	19.025	1466.755	1666.9299999999998	57.684349999999995	31050.0	25.295	22.35	719.245	817.56	28.54965	24416.5	30.07	27.6	673.225	764.41	22.3386	13290.0	27.055	23.835	329.595	374.845	12.2352	18930.5	31.92	30.125	549.36	623.985	17.3177	10197.5	33.625	35.375	311.86	354.36	9.356855	20874.5	43.69	50.165	817.46	928.2	19.0779	0.0	1.386685	1.5007795622819518	13960.125	0.5579585537918872	4.14018227440013	0.0	1.0		559389.5	514.2255210204094	58.74446099	4.073196868	18.0	2.890371758	0.049202456	0.038323474	0.016908007
Anoplogastridae	178564.0	52901.0	15522.0	36142.0	0.0	0.0	1.0	9.08	3.01	1.43	0.48	3.29	25.68	14.0	0.6485714285714286	0.215	0.03428571428571429	0.10214285714285713	404844788.0	404395827.0	3719.0	4562.0	42328.0	319634.0	50.3	102.29	37744.6	37786.5	791.173	1180.0	35.0	997.0	1521.0	4095321.0	180616.0	844287.0	405706.0	0.0	22.816	107.0	172.0	0.0	10.127	21060.0	5978.06	277032.0	45.85	95.39	30128.0	30161.5	685.7230000000001	4105.15	2.08777	319.0	2082.0	367.43	316.15	236548.0	51.71	97.66	28931.8	38090.2	585.515	19713.0	17.08	6.59	831.86	832.79	48.7946	119596.0	38.31	43.49	11313.5	11326.1	296.03	30237.0	48.94	139.51	3648.86	3652.91	74.8441	32611.0	63.13	109.83	5052.05	5057.66	80.7203	21421.0	42.89	105.79	2231.7	2234.18	53.0223	11100.0	38.13	72.41	1037.35	1038.5	27.4752	7402.0	40.09	96.12	722.67	723.47	18.3218	10132.0	49.68	113.72	1228.72	1230.08	25.0792	9422.0	50.61	111.45	1159.44	1160.73	23.3218	15398.0	105.58	198.69	3628.18	3632.21	38.1139	1199391094.0	3.0128	-0.7679448270360616	30854.329999999998	0.545171339563863	4.4789703026725896	0.0	0.0	0.0	283129.0	699.3519699208774	31.227874	3.441311093	2.0	0.693147181	0.022196426	0.012984077	0.003052087
Antennariidae	116905.0	65130.0	14816.0	23786.0	0.0	1.0	1.0	5.36	4.35	0.86	0.59	2.1	17.04	11.16	0.4802867383512545	0.3897849462365591	0.0528673835125448	0.07706093189964157	441856641.0	440955265.0	6086.0	9774.0	116217.0	236003.0	39.88	50.65	20787.5	20829.9	535.154	2312.0	73.0	656.0	730.0	807763.0	37995.0	80648.0	74943.0	1.0	16.8105	195.0	226.0	13.78	1.83185	23606.0	3045.88	213559.0	36.52	40.62	17344.0	17379.4	484.26099999999997	2172.48	0.182894	415.0	3304.0	332.44	329.471	187217.0	40.8	45.95	16942.6	20156.6	424.528	33444.0	16.18	4.64	1224.67	1227.17	75.8367	85542.0	40.53	30.87	7841.64	7857.67	193.97299999999998	24344.0	34.34	47.36	1885.82	1889.67	55.2018	34523.0	43.01	42.39	3343.28	3350.12	78.2834	8745.0	36.76	41.62	724.03	725.51	19.8299	7386.0	45.17	73.46	745.44	746.97	16.7483	3362.0	29.39	29.15	223.05	223.51	7.6235800000000005	4661.0	36.59	50.88	383.95	384.73	10.5692	4710.0	39.14	67.1	411.05	411.89	10.6803	6842.0	52.97	79.29	799.54	801.18	15.5147	471297312.0	1.7344	-0.6444735786971784	17582.470000000005	0.6549295774647887	4.239149264858293	0.0	0.0	0.0	220637.0	499.3406900044759	45.800003	3.824284157	51.0	3.931825633	0.085847716	0.071137474	0.039121383
Ateleopodidae	271090.0	168936.0	82176.0	132980.0	0.0	0.0	1.0	12.99	9.39	6.35	2.66	3.0	49.17	31.390000000000004	0.41382605925453964	0.2991398534565148	0.08474036317298501	0.20229372411596047	539598795.0	539273439.0	2928.0	3201.0	23343.0	278057.0	43.57	81.79	21703.8	21716.9	515.876	402.0	11.0	809.0	2487.0	2849278.0	162444.0	189056.0	310194.0	1.0	14.3164	44.0	119.0	8.73	5.28355	4235.0	1702.65	251228.0	38.4	70.23	17523.5	17534.1	466.1	1118.08	0.350575	218.0	862.0	489.934	411.945	0.0	0.0	0.0	0.0	0.0	0.0	12225.0	17.47	8.52	395.84	396.08	22.6809	90634.0	33.89	34.35	5686.64	5690.07	168.15200000000002	45345.0	35.02	68.76	2932.28	2934.05	84.12799999999999	63635.0	54.92	111.28	6440.58	6444.47	118.061	7566.0	27.61	32.9	385.91	386.15	14.0371	13003.0	24.57	23.02	591.4	591.75	24.1243	3381.0	30.0	49.56	187.22	187.34	6.27273	6166.0	42.09	68.31	478.26	478.54	11.4397	3601.0	40.68	75.96	269.47	269.64	6.68089	5672.0	42.79	69.3	439.52	439.78	10.5232	1161606626.0	1.75235	-0.31840652742818726	17807.120000000003	0.6383973967866586	4.243620852909535		0.0		655182.0	1214.202118446169	192.300002	5.259056663	13.0	2.564949357	0.01333827	0.010119137	0.004100142
Batrachoididae	605562.5	294493.0	115256.0	93397.0	0.0	0.0	1.0	13.6	9.225	2.555	1.8800000000000001	1.565	53.394999999999996	27.259999999999998	0.49882304052260984	0.33847058785532846	0.06893381412921955	0.09377255749284216	1078613330.0	1077513724.5	3821.5	4627.5	45378.5	643508.5	33.04	74.59	18921.5	18938.5	601.129	959.5	34.5	1061.5	1677.0	1824911.0	95638.0	215789.5	186574.0	0.5	24.12155	70.0	160.0	10.395	1.61958	15618.5	2716.105	599203.5	28.775	63.495000000000005	15929.400000000001	15943.3	560.0125	1727.4099999999999	0.19150999999999999	274.0	1380.0	424.685	443.715	643508.5	33.04	74.59	18921.5	18938.5	601.129	202306.5	17.88	6.455	3387.09	3390.1549999999997	189.36849999999998	160927.5	40.6	101.625	6338.375	6343.57	150.6045	64454.5	26.225	38.64	1598.935	1600.335	60.16775	86396.0	27.57	44.69	2236.6150000000002	2238.62	80.60475	25994.0	24.045	27.555	577.9449999999999	578.505	24.10855	14587.5	32.875	54.34	439.95000000000005	440.37	13.62635	8915.0	25.42	24.57	210.97	211.17000000000002	8.326665	11279.0	45.685	96.705	489.52	489.93499999999995	10.548515	8781.0	33.010000000000005	53.230000000000004	267.90999999999997	268.15999999999997	8.196145	15562.5	55.795	107.56	780.81	781.53	14.4613	1817380299.0	1.59294	1.4797416903671405	16328.12	0.5109458652011843	4.187048738233809	1.0	0.0		1108708.5	1029.1903531431603	126.800002	4.842611058	84.0	4.430816799	0.03494335	0.029570221	0.017586864
Berycidae	191601.0	50147.0	25369.0	45953.0	0.0	0.0	1.0	5.37	2.1	1.16	0.63	3.94	24.18	9.260000000000002	0.579913606911447	0.22678185745140386	0.06803455723542115	0.12526997840172782	533267752.0	532475508.0	4286.0	5987.0	72599.0	442820.0	40.57	53.44	32543.9	32592.3	830.807	1638.0	58.0	941.0	1119.0	4378625.0	179337.0	756333.0	388403.0	1.0	18.6349	152.0	197.0	14.64	8.22315	24630.0	4594.19	417443.0	38.88	48.41	29627.7	29671.7	783.195	3542.06	1.42041	366.0	2604.0	411.371	349.847	330604.0	42.41	51.26	25549.8	33076.4	620.27	32969.0	16.8	5.55	1038.62	1040.16	61.8555	241653.0	40.17	35.77	18193.1	18220.1	453.38300000000004	29385.0	35.24	72.87	1937.68	1940.56	55.1313	45041.0	45.4	61.42	3810.77	3816.44	84.5047	19051.0	38.57	60.0	1360.67	1362.7	35.743	14028.0	42.43	63.53	1103.78	1105.43	26.3189	6385.0	33.39	51.48	395.55	396.14	11.9794	11221.0	43.12	56.89	897.96	899.3	21.0525	6576.0	45.98	99.84	556.63	557.46	12.3377	11134.0	50.31	83.29	1024.8	1026.33	20.8893	760302251.0	2.96277	-0.3395268367111931	30319.559999999994	0.38296112489660883	4.471697938483803	0.0	0.0	0.0	313070.0	587.0784401003868	70.616748	4.25726734	10.0	2.302585093	0.032606785	0.024140847	0.009089259
Blenniidae	218897.0	56402.0	10093.0	36000.0	0.0	0.0	1.0	6.17	2.37	0.95	0.17	2.81	18.15	9.659999999999998	0.6387163561076605	0.24534161490683234	0.01759834368530021	0.09834368530020705	599249148.0	596758828.0	7343.0	16796.0	212603.0	480682.0	41.28	67.31	31886.4	32019.4	802.4739999999999	2336.0	63.0	650.0	712.0	1161165.0	51494.0	206132.0	97727.0	1.0	31.8186	186.0	224.0	30.04	1.9457900000000001	24531.0	7165.14	448693.0	36.83	56.7	26864.4	26976.5	749.07	4881.35	0.34541900000000003	407.0	3377.0	390.855	404.985	405265.0	40.32	60.38	26449.8	31942.5	676.569	174504.0	18.78	6.68	5469.33	5492.16	291.32599999999996	134511.0	47.11	59.47	10570.0	10614.0	224.55900000000003	31804.0	37.79	58.3	2000.74	2009.09	53.0952	41876.0	50.25	68.24	3491.67	3506.25	69.9098	15199.0	43.72	60.55	1093.68	1098.24	25.374000000000002	10626.0	45.0	74.93	789.25	792.54	17.7396	8069.0	40.63	72.63	539.45	541.7	13.4708	10324.0	55.26	94.84	929.38	933.26	17.2354	8797.0	57.81	98.56	829.84	833.3	14.6861	12983.0	81.21	126.19	1680.56	1687.57	21.6745	593516981.0	2.68644	-0.11941342246894497	27393.9	0.5322314049586776	4.429177145310481	1.0	0.0		321392.0	536.3245005397989	68.266252	4.22341553	405.0	6.003887067	0.087948099	0.077830638	0.054540579
Carangidae	125574.0	29124.0	9999.0	23149.0	0.0	1.0	1.0	3.07	1.02	0.5	0.25	2.58	9.56	4.82	0.63859649122807	0.21161825726141079	0.04811715481171548	0.09999999999999998	537407121.0	536000415.0	11209.0	45457.0	547239.0	431339.0	27.46	24.73	21753.1	21810.2	803.238	3253.0	99.0	287.0	158.0	0.0	0.0	0.0	0.0	0.0	0.0	224.0	241.0	0.0	0.0	23472.0	5941.56	417845.0	26.65	19.92	20524.3	20578.1	778.11	5030.45	0.0	443.0	3834.0	382.788	382.92800000000005	431339.0	27.46	24.73	21753.1	21810.2	803.238	95423.0	19.69	8.04	3496.35	3505.53	177.696	182476.0	28.5	14.54	9671.19	9696.57	339.806	54978.0	26.2	23.0	2662.23	2669.22	102.38	29185.0	30.89	28.57	1696.48	1700.12	54.3482	16723.0	28.91	25.42	928.13	930.12	31.6723	12598.0	31.17	33.83	718.7	720.24	23.1581	6709.0	26.61	31.78	328.41	329.58	12.4935	7516.0	30.96	32.73	442.49	443.44	13.9963	5823.0	31.82	36.74	348.39	349.63	10.8436	7554.0	41.29	52.87	599.69	600.98	14.067	0.0	2.0524299999999998	-0.3257179345261208	20679.08	0.5	4.312268354034037	0.0	0.0	0.0	186292.0	344.61024568373745	57.118084	4.045120774	149.0	5.003946306	0.087607041	0.075588812	0.048321123
Cetomimidae	142390.0	147593.0	25123.0	48561.0	0.0	0.0	1.0	6.87	11.86	3.19	1.15	2.78	41.57	23.07	0.2977893368010403	0.5140875596012137	0.04984828781967923	0.13827481577806675	404871927.0	403660570.0	2690.0	3573.0	45833.0	258875.0	61.01	134.32	36299.6	36408.6	640.78	704.0	16.0	921.0	2073.0	6434703.0	326898.0	946391.0	696301.0	0.0	23.9993	68.0	140.0	0.0	15.9409	5567.0	3906.6	230988.0	52.32	121.6	28538.3	28623.9	571.752	2198.1	2.34452	250.0	1368.0	405.724	410.906	167975.0	62.52	125.52	24542.1	39694.5	415.78	10190.0	17.5	10.05	440.38	441.7	25.2228	103767.0	51.72	112.9	13249.9	13289.6	256.849	22075.0	63.87	170.45	3478.52	3488.96	54.6411	34877.0	49.29	95.07	4226.82	4239.5	86.3292	16536.0	53.1	144.48	2138.28	2144.7	40.9307	13046.0	35.99	80.48	1151.46	1154.92	32.2921	7101.0	33.75	65.23	582.87	584.62	17.5767	8841.0	68.82	148.71	1458.13	1462.51	21.8837	5487.0	59.7	128.02	792.78	795.16	13.5817	9068.0	97.98	195.57	2114.95	2121.3	22.4455	869918793.0	2.85383	-0.7678542915471016	29634.089999999997	0.5549675246572047	4.455428099030599		0.0		363667.0	898.2272559490152	89.890653	4.498593965	30.0	3.401197382	0.037837053	0.030490823	0.015140357
Characidae	772618.0	49233.0	9187.0	40616.0	1.0	0.0	0.0	14.21	0.89	0.64	0.1	2.61	31.31	15.840000000000002	0.8970959595959596	0.05618686868686868	0.006313131313131313	0.0404040404040404	1191242572.0	964234932.0	13755.0	1775308.0	9823298.0	752217.0	32.07	40.46	19822.4	24489.2	631.5840000000001	3489.0	92.0	92.0	117.0	0.0	0.0	0.0	0.0	0.0	0.0	207.0	234.0	0.0	0.0	25915.0	6470.05	672579.0	28.37	26.34	15834.8	19562.8	564.7180000000001	4096.2	0.0	427.0	3529.0	747.6089999999999	749.451	752217.0	32.07	40.46	19822.4	24489.2	631.5840000000001	108784.0	17.0	5.21	1552.06	1917.45	91.3384	290994.0	30.1	18.4	7348.26	9078.24	244.327	53497.0	28.52	28.31	1276.97	1577.61	44.9177	73173.0	32.47	34.07	1983.03	2449.89	61.4383	37802.0	27.27	29.66	862.13	1065.1	31.7397	18643.0	25.82	26.74	403.3	498.25	15.6532	12645.0	25.67	24.67	272.02	336.06	10.6171	23465.0	30.14	32.11	590.77	729.86	19.7019	20624.0	31.03	34.94	532.65	658.05	17.3165	32952.0	42.22	57.96	1142.98	1412.07	27.6675	0.0	1.58348	1.8554719492439973	15964.169999999998	0.5059086553816673	4.19961258242565	0.0	1.0		871654.0	731.7183086703856	63.186557	4.146091573	1083.0	6.987490247	0.110585077	0.099629831	0.074274993
Cichlidae	277599.5	140247.5	33715.5	27897.0	1.0	0.0	0.0	8.280000000000001	4.51	0.975	0.58	1.295	20.715	14.540000000000001	0.5687438787593375	0.3160956742026484	0.04396060419913703	0.06349172623044169	846406498.5	742028446.5	22254.0	2663981.5	13120122.0	288783.5	27.884999999999998	24.98	9011.915	10471.900000000001	331.0185	3597.5	91.0	66.0	34.5	0.0	0.0	0.0	0.0	0.0	0.0	227.0	235.0	0.0	0.0	23705.0	2663.85	267514.0	26.87	22.085	8069.885	9378.395	307.1305	2030.23	0.0	435.5	3875.5	543.5245	640.193	288783.5	27.884999999999998	24.98	9011.915	10471.900000000001	331.0185	56143.5	17.21	5.21	1095.8600000000001	1272.7800000000002	63.66845	90645.5	32.62	19.494999999999997	3376.785	3924.385	105.7541	29744.0	24.42	14.8	845.29	991.89	35.05485	31396.5	29.72	34.334999999999994	1028.9650000000001	1220.77	35.68345	22258.5	25.265	21.435000000000002	651.0550000000001	744.865	25.8596	8838.5	24.935000000000002	17.345	247.575	287.845	10.16293	6231.5	23.884999999999998	16.16	172.315	200.66	7.267085	6650.0	27.68	25.009999999999998	221.62	249.915	7.87806	6042.0	27.375	26.645	197.04500000000002	226.54500000000002	7.146245	8175.0	32.790000000000006	41.540000000000006	315.54	349.31	9.668925	0.0	0.8069885000000001	0.7051015404097278	8127.47	0.7052016280711246	3.906520580920474	1.0	1.0	1.0	483300.0	560.016901757592	88.700002	4.485259912	1678.0	7.425357887	0.083713165	0.07590537	0.057814226
Cynoglossidae	107488.0	25017.0	9966.0	14515.0	1.0	1.0	1.0	3.55	1.33	0.58	0.26	2.91	10.14	5.72	0.6206293706293706	0.23251748251748253	0.045454545454545456	0.10139860139860139	470199494.0	446041774.0	27008.0	20010643.0	34528841.0	387812.0	32.63	60.75	26108.6	27522.6	825.132	3475.0	85.0	114.0	109.0	0.0	0.0	0.0	0.0	0.0	0.0	236.0	239.0	0.0	0.0	19158.0	8445.61	360555.0	29.84	51.01	22390.7	23603.4	767.138	6458.04	0.0	437.0	3833.0	358.07199999999995	392.569	387812.0	32.63	60.75	26108.6	27522.6	825.132	80525.0	17.75	9.84	3040.52	3205.2	171.33	133692.0	27.72	27.88	7875.24	8301.76	284.45099999999996	49025.0	31.94	52.33	3323.53	3503.54	104.309	30828.0	44.29	96.11	2866.68	3021.94	65.5915	13775.0	35.96	72.47	1045.24	1101.85	29.3085	13397.0	35.6	68.97	1009.79	1064.48	28.5043	7472.0	31.31	45.94	494.06	520.82	15.8979	10668.0	45.41	86.02	1020.95	1076.24	22.6979	8645.0	41.47	87.93	753.98	794.81	18.3936	12528.0	51.29	80.13	1332.13	1404.28	26.6553	0.0	2.23907	-0.5499220456681387	22762.120000000006	0.5641025641025641	4.350067671130849	0.0			156986.0	333.87105261325524	42.400002	3.747148409	145.0	4.976733742	0.11737579	0.101190076	0.064489797
Cyprinidae	759558.0	73184.0	29482.0	102368.0	1.0	0.0	0.0	19.41	2.33	2.69	0.47	2.5	39.31	23.950000000000003	0.7725187656380316	0.07360300250208507	0.023186975826344356	0.11384487072560467	1042981762.0	1040167627.0	4432.0	7840.0	75511.0	708486.0	31.76	49.31	19365.3	19417.7	679.929	1997.0	81.0	821.0	880.0	0.0	0.0	0.0	0.0	0.0	0.0	171.0	224.0	0.0	0.0	28163.0	2370.52	674338.0	28.42	39.22	18055.6	18104.5	647.1569999999999	1602.21	0.0	344.0	2060.0	362.07199999999995	355.81800000000004	708486.0	31.76	49.31	19365.3	19417.7	679.929	176126.0	17.64	5.53	2199.22	2203.43	124.735	184597.0	36.03	43.96	6365.16	6382.38	177.15599999999998	60217.0	23.37	15.04	1345.86	1349.5	57.7898	93118.0	46.72	71.03	3430.7	3439.98	89.3647	36395.0	30.56	45.61	1059.74	1062.61	34.928000000000004	16909.0	26.99	22.96	351.96	352.17	12.8007	11377.0	25.98	33.87	283.3	284.06	9.050989999999999	12298.0	36.77	69.18	423.59	424.73	11.8023	9449.0	31.35	41.58	256.75	257.45	9.06814	12758.0	43.44	90.67	448.9	449.16	12.2438	0.0	1.8055599999999998	1.3608750618513563	18308.300000000003	0.6457470532016565	4.2566119249068235	0.0	1.0	1.0	964592.0	1144.060855574091	99.300002	4.598145591	2977.0	7.998671361	0.080550566	0.073573614	0.057392797
Cyprinodontidae	393054.5	167957.0	44806.0	41497.5	1.0	0.5	0.5	8.01	4.220000000000001	1.015	0.685	0.885	27.509999999999998	13.93	0.5763087949859311	0.30209047684359713	0.049346329846261264	0.07225439832421042	1023508487.5	866034585.0	9757.5	459233.5	2633082.0	257291.0	32.625	44.709999999999994	7989.23	9387.49	250.721	3040.5	62.5	325.5	332.0	0.0	0.0	0.0	0.0	0.0	0.0	201.0	230.0	0.0	0.0	23021.0	3282.5099999999998	223250.0	26.845	29.485	5784.195	6783.514999999999	217.4295	1933.9	0.0	422.0	3559.5	699.13	830.51	257291.0	32.625	44.709999999999994	7989.23	9387.49	250.721	77460.5	16.025	4.165	1245.135	1445.145	75.1307	44018.0	27.845	22.35	1268.46	1480.925	42.874249999999996	19525.5	25.075000000000003	29.525	478.455	564.1700000000001	19.06585	36338.5	41.07	42.625	1451.91	1712.79	35.52415	15281.0	27.2	26.595	405.975	478.745	14.927150000000001	6120.0	27.18	36.165	162.35000000000002	191.10500000000002	5.971245	4650.5	24.705	18.015	111.93	131.935	4.53886	5158.5	29.465	31.33	148.32999999999998	175.04500000000002	5.03899	5767.5	29.895000000000003	29.98	167.18	197.37	5.63344	8930.0	45.17	62.504999999999995	384.28	452.985	8.724910000000001	0.0	0.5784195	1.2959123724188455	5824.005	0.5053399314807765	3.7388506070900958	0.0	1.0		647315.0	632.8161222235008	40.471091	3.700587917	134.0	4.8978398	0.121020701	0.104077441	0.065732341
Diretmidae	220348.0	105901.5	21469.5	41644.5	0.0	0.0	1.0	8.05	5.545	1.47	0.6	3.94	31.565	15.665000000000001	0.5145170784836253	0.35364454742589907	0.037994686548836726	0.09384368754163891	487483236.0	485862956.5	3100.0	4699.5	57544.5	399467.0	77.53	163.795	54216.25	54430.1	768.682	1141.0	34.5	911.0	1646.0	6099226.5	288983.5	931178.0	564366.0	0.0	38.98785	107.5	166.0	0.0	12.595400000000001	16822.5	7299.9	340900.0	63.625	151.055	38516.399999999994	38669.5	653.0835000000001	3805.7200000000003	1.88639	296.5	1799.5	396.243	357.0185	219589.5	34.38	63.365	21458.2	30744.7	326.77	7238.5	19.445	13.51	251.435	252.265	12.92198	152023.5	34.91	39.13	9908.470000000001	9941.05	276.789	43384.0	118.17999999999999	276.25	10680.474999999999	10729.555	89.94525	54591.5	57.22	109.405	5892.3099999999995	5915.045	105.42365	20780.0	63.724999999999994	164.435	2644.41	2655.05	42.4022	14435.5	55.53	124.885	1587.84	1594.505	29.26175	8972.0	55.09	130.715	945.995	949.745	17.6493	11523.5	78.37	167.71499999999997	1683.665	1690.46	22.50175	9791.0	89.94	177.155	1724.055	1731.25	19.76505	18160.5	126.72	212.82	4304.82	4322.54	36.4239	1878670292.0	3.8516399999999997	-0.49226361930653006	39623.475	0.49619264366734794	4.585502672645189	0.0	0.0	0.0	389363.5	781.3128660196651	54.0009	3.989000713	4.0	1.386294361	0.02567169	0.016968064	0.004858517
Esocidae	401759.0	112911.0	17684.0	53039.0	1.0	1.0	0.0	18.18	5.54	2.32	0.24	2.0	35.33	26.279999999999998	0.6917808219178083	0.210806697108067	0.009132420091324202	0.0882800608828006	904452945.0	892379497.0	68259.0	27195745.0	39971444.0	376141.0	47.98	81.76	19071.4	19331.3	416.085	3412.0	131.0	166.0	120.0	0.0	0.0	0.0	0.0	0.0	0.0	233.0	236.0	0.0	0.0	25388.0	10683.4	290651.0	31.98	46.15	10025.6	10162.3	321.517	4162.7	0.0	439.0	3908.0	589.342	661.8	376141.0	47.98	81.76	19071.4	19331.3	416.085	35406.0	17.52	40.38	685.79	695.14	39.1659	160576.0	32.0	37.71	5679.06	5756.47	177.628	15399.0	24.95	29.8	424.13	429.91	17.0343	28333.0	29.73	39.46	927.93	940.57	31.3418	6651.0	27.13	32.93	199.07	201.79	7.3573	6236.0	42.28	103.04	289.31	293.25	6.89823	4322.0	39.4	77.14	186.08	188.62	4.78097	9640.0	46.6	63.83	488.79	495.45	10.6637	7140.0	45.12	67.79	351.03	355.82	7.89823	16948.0	54.61	69.81	999.44	1013.06	18.7478	0.0	1.0025600000000001	0.8987440259937703	10230.630000000003	0.7438437588451741	4.001110373201612	0.0	1.0		585393.0	647.2343345623138	79.400002	4.374498393	7.0	1.945910149	0.024507684	0.017459626	0.005919441
Fundulidae	517806.0	188536.0	38006.0	31063.0	1.0	1.0	1.0	12.37	5.79	1.09	0.56	1.35	32.66	19.81	0.624432104997476	0.29227662796567394	0.02826855123674912	0.055022715800100964	1021898560.0	932474328.0	15271.0	1252252.0	6356336.0	428883.0	30.91	42.74	12745.3	13967.6	420.06199999999995	3478.0	73.0	133.0	87.0	0.0	0.0	0.0	0.0	0.0	0.0	218.0	237.0	0.0	0.0	23069.0	5933.02	396983.0	28.68	34.99	11021.9	12078.9	388.81800000000004	4250.9	0.0	435.0	3806.0	729.6419999999999	859.921	428883.0	30.91	42.74	12745.3	13967.6	420.06199999999995	141327.0	17.5	5.83	2420.09	2652.18	138.42	97252.0	34.95	21.9	3323.05	3641.73	95.2517	43806.0	31.57	35.21	1349.09	1478.47	42.905	47802.0	43.71	67.89	2039.6	2235.2	46.8188	22904.0	24.27	20.58	543.31	595.41	22.4329	11463.0	25.63	28.95	287.24	314.79	11.2272	5955.0	28.18	44.31	163.75	179.45	5.83252	7389.0	33.07	49.21	237.74	260.54	7.237019999999999	8233.0	36.84	52.11	292.58	320.63	8.06366	10852.0	43.82	69.42	454.22	497.78	10.6288	0.0	1.10219	1.2905416670353542	11110.669999999998	0.606552357624005	4.042256466420426	0.0			775411.0	758.7944932616404	40.471091	3.700587917	41.0	3.713572067	0.091758635	0.075227091	0.039767594
Gadidae	149232.5	28822.0	4646.5	54967.5	0.0	0.5	1.0	5.65	1.835	2.3200000000000003	0.15000000000000002	5.73	18.39	9.955	0.5676468391883328	0.1841928133464117	0.015051748426759024	0.23310859903849646	414891160.5	413604501.5	4506.5	10397.0	171416.0	503374.0	55.78	66.97	62809.200000000004	63004.8	1180.875	1827.0	41.0	762.5	1108.5	2055495.5	88265.5	358500.5	180895.0	1.0	38.440349999999995	170.0	212.0	29.68	4.93732	25447.5	15471.949999999999	452099.5	50.43000000000001	55.599999999999994	51886.05	52052.149999999994	1055.137	10016.795	0.864355	380.0	2836.5	395.942	316.53499999999997	383506.0	57.595	64.2	49684.7	60180.100000000006	894.7735	47861.0	24.685000000000002	18.794999999999998	2991.71	3002.99	104.26044999999999	255354.5	57.965	55.334999999999994	35300.7	35416.2	593.757	35690.0	34.055	42.835	2915.6099999999997	2924.455	85.57515000000001	35426.5	43.25	50.875	3621.58	3632.58	83.85475	10386.5	35.745000000000005	51.34	888.855	891.455	25.100099999999998	17310.0	40.875	51.165	1728.4	1733.105	42.3507	8446.5	46.805	65.41999999999999	940.165	942.98	20.322000000000003	16274.0	53.769999999999996	61.485	2071.5	2077.835	38.7727	8320.0	50.5	66.5	998.94	1001.875	20.036749999999998	17030.5	62.235	81.6	2495.58	2502.665	41.107299999999995	554408919.0	5.188605000000001	-0.7344302079800411	53953.04	0.5413586901070433	4.699153657671367	0.0	0.0	0.0	237668.5	571.5883512601197	23.93538	3.175357699	23.0	3.135494216	0.130998305	0.103817305	0.04859546
Helostomatidae	163359.0	63258.0	24528.0	23129.0	1.0	0.0	0.0	5.75	2.7	0.6	0.59	1.56	16.51	9.639999999999999	0.5964730290456433	0.2800829875518673	0.06120331950207469	0.062240663900414946	599808025.0	598538278.0	17055.0	71786.0	575477.0	222091.0	29.86	33.8	10890.3	10913.4	370.77	3387.0	100.0	204.0	107.0	2040435.0	95154.0	343385.0	192726.0	1.0	18.7004	225.0	236.0	16.14	3.4090300000000004	24981.0	3089.27	206408.0	28.63	28.8	9749.93	9770.61	344.588	2471.81	0.573706	435.0	3833.0	423.24800000000005	433.384	179967.0	30.24	30.05	8971.04	10608.3	300.44599999999997	25957.0	17.59	6.07	761.39	763.0	43.3339	88046.0	31.95	22.26	4686.23	4696.17	146.988	27330.0	26.91	34.45	1222.56	1225.15	45.626000000000005	19602.0	27.67	28.19	902.58	904.5	32.7245	13265.0	28.1	31.45	618.65	619.96	22.1452	8582.0	28.6	35.94	407.92	408.79	14.3272	5811.0	26.36	31.39	254.42	254.96	9.70117	5679.0	28.04	33.4	264.78	265.34	9.4808	5317.0	30.49	41.24	268.61	269.18	8.87646	6819.0	39.56	64.3	438.01	438.94	11.384	643794001.0	0.974993	-0.11754901322529294	9825.150000000001	0.5838885523924893	3.989001497675679	0.0	1.0		274274.0	457.26964056541254	59.70423997	4.089403039	1.0	0.0	0.0	0.0	0.0
Holocentridae	207763.0	46671.0	17240.0	43291.0	0.0	0.0	1.0	4.48	1.57	0.87	0.32	3.12	21.83	7.32	0.6159217877094972	0.21448087431693988	0.043296089385474856	0.12150837988826815	659225728.0	657152184.0	9243.0	21389.0	250616.0	563288.0	30.42	23.63	25375.9	25456.0	867.932	2844.0	97.0	461.0	393.0	4240450.0	171752.0	794181.0	371876.0	1.0	23.984	200.0	230.0	20.72	5.89912	26692.0	3510.17	541120.0	29.65	21.32	24013.4	24089.2	833.775	3025.68	1.10483	425.0	3431.0	489.24	428.881	437135.0	31.53	23.08	20662.4	26085.6	673.552	84504.0	18.5	6.47	2406.24	2411.86	130.20600000000002	294011.0	33.2	15.44	14192.2	14237.0	428.061	39608.0	29.7	31.04	1776.86	1782.47	60.1787	60371.0	29.23	24.69	2541.4	2546.95	87.1944	24809.0	28.96	26.47	1082.39	1085.81	37.6464	13042.0	26.22	22.25	525.49	526.72	20.0955	7832.0	26.04	27.86	310.57	311.29	12.0678	10936.0	30.62	38.4	513.18	514.38	16.8505	8141.0	31.03	35.62	376.39	377.27	12.2181	11909.0	36.83	55.45	650.43	651.95	18.3498	677679775.0	2.4013400000000003	0.08066797317738743	24217.89	0.3619817997977755	4.380453655129885	0.0	0.0	0.0	311577.0	476.847277472916	145.000002	4.976733756	85.0	4.442651256	0.030638974	0.025939311	0.01545317
Lepisosteidae	179555.0	166740.0	85173.0	52874.0	1.0	1.0	0.0	4.68	4.78	1.48	2.16	0.58	19.84	13.100000000000001	0.3572519083969465	0.3648854961832061	0.1648854961832061	0.1129770992366412	945878036.0	869417847.0	68337.0	50348508.0	73198282.0	134932.0	27.21	28.27	3817.46	4153.19	142.785	3458.0	86.0	105.0	135.0	0.0	0.0	0.0	0.0	0.0	0.0	212.0	227.0	0.0	0.0	18413.0	3658.22	114926.0	24.89	20.79	2994.01	3257.31	121.615	2916.52	0.0	420.0	3708.0	800.7339999999999	692.668	134932.0	27.21	28.27	3817.46	4153.19	142.785	12505.0	14.94	3.49	197.5	214.87	13.2328	20431.0	20.79	18.65	449.02	488.51	21.6201	30026.0	27.26	14.17	862.5	938.36	31.7735	5605.0	24.49	16.02	144.87	157.61	5.93122	8755.0	23.25	20.78	214.81	233.7	9.26455	9053.0	27.19	23.6	259.41	282.23	9.579889999999999	7683.0	27.42	20.52	222.3	241.85	8.13016	6742.0	29.56	26.67	209.67	228.11	7.13439	6407.0	28.14	22.23	190.13	206.85	6.779889999999999	7719.0	32.82	40.0	264.19	287.43	8.16825	0.0	0.29940100000000003	1.0369378013316826	3014.4	0.6602822580645162	3.476253246553983	0.0	1.0		484342.0	512.0554464381283	32.700002	3.487375139	7.0	1.945910149	0.059507952	0.04239432	0.014373199
Lophiidae	281970.0	155158.0	29380.0	44975.0	0.0	0.0	1.0	8.74	5.94	1.17	0.63	2.09	29.68	16.48	0.5303398058252428	0.3604368932038835	0.03822815533980582	0.07099514563106796	697366216.0	696299904.0	15661.0	32625.0	400954.0	376255.0	52.78	89.27	26781.5	26822.5	539.821	2944.0	49.0	403.0	351.0	0.0	0.0	0.0	0.0	0.0	17.5807	219.0	239.0	0.0	0.0	25596.0	5159.06	329108.0	43.73	74.2	19865.9	19896.3	472.17800000000005	3266.28	0.0	439.0	3694.0	523.487	540.307	376255.0	52.78	89.27	26781.5	26822.5	539.821	34662.0	16.08	5.11	799.32	800.55	49.7303	124677.0	50.67	79.59	9057.55	9071.42	178.877	63710.0	29.39	42.2	2681.75	2685.86	91.406	36151.0	58.15	96.66	2990.15	2994.73	51.8666	14255.0	39.69	71.73	801.63	802.86	20.4519	11811.0	35.65	56.8	599.52	600.44	16.9455	6830.0	34.49	53.92	335.59	336.1	9.79914	12685.0	55.69	90.87	998.81	1000.34	18.1994	8787.0	49.5	83.47	613.88	614.82	12.6069	15540.0	75.89	113.5	1623.61	1626.1	22.2956	730027310.0	1.9865900000000003	0.2079043389333574	20501.81	0.555256064690027	4.2981082450108	0.0	0.0	0.0	511483.0	733.449639894801	64.49432	4.166577158	29.0	3.36729583	0.052210735	0.041988972	0.020699514
Merlucciidae	197864.0	46079.0	8762.0	42847.0	0.0	0.0	1.0	7.68	2.84	2.23	0.3	5.06	25.93	13.05	0.5885057471264368	0.21762452107279692	0.022988505747126433	0.17088122605363984	401149128.0	400378830.0	3471.0	4482.0	48230.0	516801.0	45.78	64.67	56623.3	56732.2	1288.78	1188.0	44.0	1019.0	1491.0	1496983.0	64353.0	354140.0	149636.0	1.0	29.6484	133.0	204.0	22.35	3.73892	21553.0	8934.83	460919.0	39.86	50.29	44563.8	44649.6	1149.42	5880.95	0.8845120000000001	357.0	2479.0	379.77099999999996	293.142	0.0	0.0	0.0	0.0	0.0	0.0	25854.0	16.82	7.2	1083.78	1085.87	64.4738	263206.0	40.76	39.71	26732.6	26784.0	656.3739999999999	57242.0	37.05	57.62	5269.23	5279.37	142.748	38785.0	41.13	57.6	3952.73	3960.34	96.7207	12591.0	34.7	57.59	1082.23	1084.31	31.399	16473.0	39.84	58.43	1622.53	1625.65	41.0798	7477.0	41.84	67.88	767.81	769.28	18.6459	13658.0	46.58	69.27	1571.46	1574.48	34.0599	9716.0	48.56	81.95	1156.71	1158.94	24.2294	15917.0	61.47	95.12	2367.86	2372.41	39.6933	555013599.0	4.45638	-0.7802735195129304	45606.94	0.5032780563054378	4.648982216471486		0.0		295552.0	736.7634113366439	45.655158	3.821116591	21.0	3.044522438	0.06668518	0.052521892	0.024063268
Monocentridae	225645.0	60485.0	32142.0	44698.0	0.0	0.0	1.0	7.47	2.84	1.28	0.83	3.17	24.42	12.419999999999998	0.601449275362319	0.22866344605475042	0.06682769726247988	0.1030595813204509	556023515.0	554164109.0	8046.0	18672.0	227512.0	436517.0	38.36	69.2	28942.2	29039.3	785.1030000000001	2709.0	74.0	545.0	444.0	2689207.0	64417.0	448504.0	130705.0	1.0	20.3952	199.0	235.0	16.71	4.85273	25340.0	4515.25	406594.0	35.76	63.04	25460.7	25546.2	731.284	3550.64	0.809334	430.0	3525.0	426.409	369.275	325300.0	39.2	66.71	22187.5	28814.0	585.072	39383.0	17.9	6.13	1267.96	1272.22	70.8327	237135.0	31.99	35.46	13635.7	13681.5	426.50199999999995	28908.0	40.63	83.49	2108.08	2115.16	51.9928	33359.0	57.84	117.15	3412.37	3423.82	59.9982	18661.0	46.52	108.21	1524.7	1529.82	33.5629	9976.0	35.76	70.27	637.46	639.59	17.9424	5648.0	31.95	56.08	320.71	321.79	10.1583	10587.0	51.74	116.03	967.31	970.56	19.0414	8700.0	41.76	76.68	640.17	642.32	15.6475	14237.0	58.25	96.43	1450.1	1454.96	25.6061	675604691.0	2.54607	-0.26361379165198545	25964.559999999994	0.5085995085995085	4.405870339693058		0.0		362970.0	652.7961321923589	27.989531	3.331830547	4.0	1.386294361	0.049529031	0.032736909	0.009373657
Moridae	138144.0	29054.0	5775.0	35384.0	0.0	0.0	1.0	5.24	1.73	1.49	0.2	6.39	16.32	8.66	0.605080831408776	0.1997690531177829	0.023094688221709007	0.1720554272517321	344961111.0	344132907.0	3267.0	4433.0	59495.0	521790.0	55.01	72.97	78636.1	78825.4	1516.83	1582.0	40.0	948.0	1168.0	1040902.0	42030.0	273672.0	103701.0	1.0	48.0054	155.0	215.0	39.1	3.02471	22790.0	12142.3	465810.0	49.91	64.1	64672.3	64828.0	1354.1	7798.54	0.795251	388.0	2667.0	337.417	253.201	401720.0	53.76	66.64	59807.0	70703.7	1167.79	26514.0	18.95	14.96	1456.48	1459.99	77.0756	248905.0	56.4	63.2	40676.3	40774.2	723.561	56848.0	38.07	55.84	6256.07	6271.13	165.25599999999997	42063.0	40.23	51.44	4879.09	4890.83	122.27600000000001	14020.0	41.63	67.05	1666.56	1670.57	40.7558	23245.0	48.81	80.69	3266.33	3274.19	67.5727	9877.0	45.48	71.09	1280.56	1283.64	28.7122	16127.0	56.52	71.1	2609.2	2615.47	46.8808	10006.0	53.09	78.8	1519.03	1522.69	29.0872	18205.0	68.27	94.16	3494.12	3502.53	52.9215	444934831.0	6.46723	-0.9677162990105252	67103.73999999999	0.5306372549019608	4.8107183064326	0.0	0.0	0.0	208357.0	604.0014174235425	36.494613	3.597164661	107.0	4.672828834	0.128041605	0.109303366	0.067160737
Myctophidae	257741.0	123068.0	48043.0	58416.0	0.0	0.0	1.0	4.98	3.52	0.99	1.16	3.8	35.54	10.65	0.46760563380281694	0.3305164319248826	0.10892018779342721	0.09295774647887324	676314385.0	675054998.0	4393.0	6111.0	94056.0	665055.0	38.55	35.18	36971.7	37040.7	983.809	1478.0	128.0	768.0	1452.0	5403083.0	258734.0	1892895.0	665921.0	1.0	28.2522	171.0	214.0	19.54	8.003919999999999	27879.0	4659.98	609084.0	37.57	31.41	33080.1	33141.8	901.012	3220.04	2.8040599999999998	392.0	1917.0	526.539	415.097	0.0	0.0	0.0	0.0	0.0	0.0	40441.0	17.47	6.22	1044.67	1046.62	59.824	253005.0	42.73	30.62	15978.1	16008.0	374.26800000000003	54473.0	29.65	29.75	2383.0	2387.45	80.5814	153720.0	38.66	29.53	8748.48	8764.8	227.396	33865.0	37.87	36.87	1885.57	1889.08	50.0962	20089.0	34.39	28.2	1019.76	1021.66	29.7175	12585.0	26.67	21.14	495.75	496.68	18.6169	16486.0	39.42	50.69	958.2	959.99	24.3876	8563.0	30.86	36.65	388.97	389.69	12.6672	15857.0	36.74	43.08	853.46	855.05	23.4571	1072273467.0	3.3080100000000003	0.13767559752478217	33755.96	0.29966235227912214	4.519566813739716	0.0	0.0	0.0	487268.0	720.475581781393	73.600002	4.298645053	251.0	5.525452939	0.075074087	0.06571035	0.044267615
Osmeridae	137369.0	20371.0	2436.0	41354.0	1.0	1.0	1.0	5.93	1.23	1.79	0.09	3.37	13.66	9.04	0.6559734513274337	0.13606194690265488	0.00995575221238938	0.19800884955752215	342758722.0	342019931.0	4524.0	6820.0	101519.0	307614.0	41.56	49.15	35603.9	35680.8	899.456	2071.0	71.0	760.0	867.0	666136.0	30007.0	102650.0	64145.0	1.0	25.7965	175.0	220.0	19.16	1.94765	24497.0	8517.91	266596.0	34.87	36.05	26221.3	26278.0	779.52	3945.82	0.300129	409.0	2992.0	270.52099999999996	227.44099999999997	213442.0	41.63	47.54	24946.7	28654.1	624.099	15307.0	20.59	16.07	919.53	921.51	44.7573	179961.0	33.94	32.32	17814.5	17853.0	526.202	10503.0	26.06	25.18	796.67	798.39	30.7105	17729.0	32.6	31.78	1674.73	1678.35	51.8392	5531.0	38.0	45.38	604.04	605.35	16.1725	7242.0	34.93	37.68	733.54	735.12	21.1754	3333.0	45.17	50.33	434.62	435.56	9.745610000000001	9779.0	48.57	51.92	1368.85	1371.8	28.5936	4609.0	47.72	54.41	635.32	636.69	13.4766	12602.0	56.56	60.92	2034.21	2038.6	36.848	446475916.0	2.62213	-0.9750634512635569	27016.009999999995	0.6617862371888725	4.418654219346086	0.0			201530.0	587.9646149456702	34.3625	3.536965853	14.0	2.63905733	0.076800504	0.058636683	0.024238898
Osteoglossidae	394352.0	103074.0	23327.0	52609.0	1.0	0.0	0.0	8.5	3.29	1.72	0.44	1.25	19.44	13.95	0.6093189964157706	0.23584229390681005	0.031541218637992835	0.12329749103942653	708403365.0	688202985.0	3704.0	58849.0	616488.0	349318.0	23.89	11.52	11728.0	12072.9	493.38699999999994	3103.0	226.0	316.0	279.0	0.0	0.0	0.0	0.0	0.0	0.0	233.0	241.0	0.0	0.0	26100.0	2212.5	337838.0	23.47	9.9	11152.7	11480.7	477.17199999999997	1875.82	0.0	441.0	3908.0	471.92400000000004	462.009	349318.0	23.89	11.52	11728.0	12072.9	493.38699999999994	93667.0	17.4	5.48	2300.57	2368.23	132.298	132890.0	25.34	7.83	4750.67	4890.38	187.69799999999998	35437.0	25.67	8.89	1280.46	1318.12	50.0523	34069.0	26.71	12.28	1281.45	1319.13	48.1201	10432.0	25.21	12.43	369.98	380.86	14.7345	10939.0	26.55	18.6	409.21	421.24	15.4506	3590.0	25.07	12.43	126.8	130.53	5.07062	6210.0	26.05	12.83	227.62	234.31	8.771189999999999	4287.0	27.48	12.94	166.01	170.89	6.05508	6317.0	30.18	15.5	267.86	275.73	8.92232	0.0	1.1152700000000002	0.24472418054280765	11180.630000000001	0.7175925925925926	4.047380020133117	1.0	1.0	1.0	573362.0	809.3722140916143	104.854708	4.652575659	6.0	1.791759469	0.017088021	0.011947608	0.003866923
Parazenidae	239698.0	71113.0	19685.0	55505.0	0.0	0.0	1.0	8.93	3.78	2.56	0.78	3.93	32.55	16.05	0.5563862928348909	0.23551401869158875	0.048598130841121495	0.15950155763239876	546506150.0	545311884.0	4843.0	7082.0	95321.0	547026.0	45.56	73.84	43489.3	43584.5	1001.88	1969.0	62.0	867.0	862.0	1135744.0	39173.0	245323.0	88768.0	1.0	35.1624	185.0	233.0	28.14	2.0827400000000003	25618.0	6699.56	499000.0	40.79	63.38	36066.9	36145.9	913.919	4609.05	0.449876	418.0	3145.0	437.88800000000003	391.24	411962.0	46.34	69.81	33621.1	47924.5	754.5089999999999	40134.0	18.02	7.93	1323.01	1325.9	73.5055	203605.0	35.93	36.43	13379.6	13408.9	372.903	69258.0	36.5	49.4	4598.8	4608.87	126.846	68581.0	60.76	99.42	7529.65	7546.14	125.60600000000001	25881.0	37.45	65.18	1752.47	1756.31	47.4011	26023.0	45.65	81.41	2162.5	2167.23	47.6612	13638.0	36.52	67.27	895.47	897.44	24.978	19747.0	50.73	85.34	1805.21	1809.16	36.1667	13643.0	49.5	83.54	1211.27	1213.93	24.9872	18490.0	69.65	111.04	2259.82	2264.77	33.8645	590351032.0	3.60669	-0.2953636458796783	36917.799999999996	0.4930875576036867	4.557108815710352		0.0		386001.0	706.3067817260611	49.2	3.895893623	4.0	1.386294361	0.028176715	0.018623795	0.005332607
Percopsidae	171040.0	43248.0	2326.0	51063.0	1.0	0.0	0.0	6.54	2.51	2.16	0.06	2.75	21.47	11.270000000000001	0.5803016858917479	0.222715173025732	0.005323868677905944	0.191659272404614	458089168.0	456767550.0	8161.0	15180.0	149283.0	357146.0	39.32	56.52	29389.2	29474.2	779.795	2411.0	71.0	639.0	648.0	619502.0	22323.0	126922.0	45905.0	1.0	42.3712	185.0	233.0	35.57	1.35627	24773.0	5571.5	319117.0	36.01	48.75	24364.4	24434.9	696.762	3653.73	0.27787	430.0	3322.0	365.574	315.373	267829.0	38.5	49.43	21814.4	27259.9	584.779	23444.0	17.41	7.09	890.93	893.51	51.1878	186445.0	36.88	44.04	15001.1	15044.5	407.085	19033.0	26.49	24.17	1098.18	1101.35	41.5568	26688.0	41.35	64.97	2387.41	2394.32	58.2707	11483.0	34.36	46.5	853.01	855.48	25.0721	13034.0	29.65	34.18	841.02	843.46	28.4585	6459.0	34.63	55.9	482.87	484.26	14.1026	10933.0	44.76	67.52	1057.83	1060.89	23.8712	7100.0	36.99	60.31	569.18	570.82	15.5022	14498.0	58.1	89.67	1779.4	1784.55	31.655	477547047.0	2.43644	-0.5903219972461058	24960.93	0.5249184909175595	4.386755720872347		1.0		267677.0	584.3338343245872	63.2	4.146304301	2.0	0.693147181	0.010967519	0.006415587	0.001508072
Pleuronectidae	142254.0	34825.0	11865.0	31107.0	0.0	0.0	1.0	3.29	1.0	0.59	0.25	1.49	12.07	5.13	0.6413255360623782	0.19493177387914232	0.04873294346978558	0.11500974658869395	547831023.0	547831023.0	1994.0	1994.0	68839.0	245962.0	25.94	17.84	11532.3	11532.3	449.656	1273.0	58.0	1204.0	1221.0	0.0	0.0	0.0	0.0	0.0	0.0	125.0	197.0	0.0	0.0	20895.0	2746.66	229480.0	24.66	15.08	10253.1	10253.1	419.525	2225.2	0.0	346.0	1994.0	270.329	239.325	245962.0	25.94	17.84	11532.3	11532.3	449.656	13804.0	15.47	2.35	389.91	389.91	25.2358	132712.0	24.13	12.23	5844.29	5844.29	242.618	27899.0	23.27	12.83	1184.1	1184.1	51.0037	15652.0	27.79	22.27	792.34	792.34	28.6143	7400.0	24.97	15.85	336.23	336.23	13.5283	7813.0	27.33	17.49	389.1	389.1	14.2834	4165.0	25.76	14.63	195.51	195.51	7.614260000000001	7198.0	30.62	21.43	400.7	400.7	13.159	5362.0	30.82	19.08	300.63	300.63	9.80256	7475.0	35.81	29.8	485.32	485.32	13.6654	0.0	1.0253100000000002	-0.2909438800495135	10318.13	0.4250207125103562	4.010855193132862	0.0	0.0	0.0	220051.0	401.6767776219931	21.4823	3.06722934	105.0	4.65396035	0.216641624	0.184816892	0.113284581
Poeciliidae	350737.0	63802.0	24474.0	15802.0	1.0	1.0	0.0	9.36	2.07	0.56	0.51	1.4	21.11	12.549999999999999	0.7381703470031545	0.1640378548895899	0.04066985645933014	0.04416403785488959	731622281.0	664631129.0	35511.0	1574226.0	7907290.0	297635.0	31.16	34.88	12463.9	13729.7	407.161	3586.0	78.0	88.0	44.0	0.0	0.0	0.0	0.0	0.0	0.0	227.0	237.0	0.0	0.0	22855.0	5236.5	271605.0	28.57	28.2	10480.7	11545.1	371.55300000000005	3274.32	0.0	441.0	3919.0	526.664	568.283	297635.0	31.16	34.88	12463.9	13729.7	407.161	98468.0	16.98	4.6	2285.71	2517.85	134.703	68461.0	35.45	25.76	3277.67	3437.09	93.6539	27982.0	27.88	24.04	1110.48	1223.26	38.2791	33637.0	35.26	35.71	1626.91	1706.04	46.015	12214.0	27.01	23.69	451.41	504.55	16.7545	7726.0	28.58	40.49	325.85	358.94	10.5691	4880.0	26.2	25.01	173.46	191.08	6.675789999999999	5204.0	31.2	30.98	222.53	245.13	7.11902	5585.0	35.4	42.44	266.29	293.33	7.640219999999999	7857.0	47.24	57.49	493.53	543.65	10.7483	0.0	1.04807	0.32218230034015116	10572.78	0.5945049739459971	4.0203902898981765	1.0	1.0	1.0	456609.0	620.0580221908684	44.4248	3.793797872	359.0	5.883322388	0.132433289	0.116893196	0.081159574
Polymixiidae	205916.0	59014.0	16913.0	48460.0	0.0	0.0	1.0	5.59	2.53	1.47	0.43	4.93	21.33	10.02	0.5578842315369261	0.25249500998003993	0.04291417165668663	0.1467065868263473	554895936.0	553705652.0	5803.0	9571.0	139271.0	647027.0	54.43	100.48	59891.1	60019.8	1167.92	2474.0	80.0	663.0	561.0	1778389.0	57171.0	403753.0	137992.0	1.0	20.6313	188.0	230.0	18.09	3.21179	27947.0	8360.15	595285.0	49.2	92.07	50821.6	50930.8	1074.52	5784.42	0.729183	420.0	3320.0	421.934	354.469	473698.0	54.45	95.23	44345.8	55360.6	855.051	46784.0	17.67	7.22	1489.88	1493.08	84.4477	347309.0	46.07	76.91	28817.7	28879.7	626.9119999999999	37074.0	38.06	89.78	2537.94	2543.4	66.9206	60681.0	66.4	112.86	7194.86	7210.33	109.53200000000001	30195.0	57.5	103.14	3064.2	3070.78	54.5036	14272.0	54.36	124.05	1386.58	1389.56	25.7617	8906.0	48.44	100.47	760.72	762.36	16.0758	17348.0	80.14	165.38	2410.72	2415.9	31.3141	10284.0	59.64	116.16	1090.64	1092.98	18.5632	22432.0	92.51	155.02	3612.31	3620.07	40.491	624977567.0	5.08216	-0.26737538626143964	52365.55	0.469760900140647	4.706048333682331		0.0		330303.0	595.2521519278166	154.8	5.042133961	10.0	2.302585093	0.014874581	0.011012585	0.004146343
Regalecidae	180262.0	314351.0	155006.0	111258.0	0.0	0.0	1.0	5.21	12.62	3.33	3.6	2.87	32.82	24.759999999999998	0.21042003231017772	0.5096930533117933	0.14539579967689825	0.13449111470113087	656003707.0	655054759.0	6781.0	9773.0	128795.0	407748.0	57.09	92.33	33654.3	33703.0	621.567	2228.0	70.0	675.0	795.0	3751685.0	116434.0	547625.0	212431.0	1.0	36.5779	184.0	234.0	30.64	5.72728	26720.0	5202.02	386770.0	53.79	86.62	30553.3	30597.5	589.5880000000001	3896.17	0.8359989999999999	416.0	3041.0	511.98699999999997	457.42699999999996	292549.0	58.16	85.23	25014.2	35442.1	445.959	12423.0	17.5	8.88	331.37	331.85	18.9375	210450.0	53.88	80.06	17269.2	17294.3	320.808	55372.0	55.79	112.55	4699.22	4706.02	84.4085	61558.0	55.36	78.1	5166.25	5173.73	93.8384	12635.0	38.06	64.6	723.75	724.8	19.2607	6760.0	46.15	85.82	473.57	474.26	10.3049	3359.0	45.72	74.02	232.09	232.42	5.120430000000001	8787.0	77.0	121.85	1022.28	1023.76	13.3948	5762.0	56.82	89.5	492.22	492.94	8.783539999999999	9664.0	82.86	122.19	1180.59	1182.3	14.7317	712335569.0	3.0553299999999997	0.069919336651567	31590.54	0.7544180377818402	4.48505812437859	0.0	0.0	0.0	760877.0	1159.8669213007968	37.6856	3.629278059	3.0	1.098612289	0.029152045	0.018392892	0.004837963
Rondeletiidae	242913.0	71016.0	27405.0	43271.0	0.0	0.0	1.0	7.17	3.07	1.12	0.64	3.86	31.11	12.0	0.5975	0.2558333333333333	0.05333333333333334	0.09333333333333334	568597941.0	567460535.0	5112.0	7469.0	110294.0	457656.0	42.25	54.7	33054.6	33120.9	805.732	1828.0	62.0	921.0	949.0	4049897.0	168005.0	735227.0	354065.0	1.0	22.9687	140.0	204.0	16.21	7.136880000000001	26030.0	4985.16	424430.0	40.36	50.11	29511.2	29570.3	747.2360000000001	3819.53	1.29564	366.0	2439.0	432.67199999999997	360.316	339119.0	44.94	52.4	26176.0	36770.1	597.04	10819.0	15.8	6.06	300.55	301.15	19.0475	255921.0	42.56	41.2	19146.9	19185.3	450.565	35469.0	39.23	95.95	2442.19	2447.09	62.4454	44582.0	40.32	48.32	3141.89	3148.19	78.4894	25008.0	34.17	38.48	1492.36	1495.35	44.0282	14322.0	30.7	34.49	771.12	772.66	25.2148	7395.0	30.17	43.11	390.01	390.79	13.0194	12991.0	42.1	48.41	953.34	955.25	22.8715	6707.0	36.97	54.9	434.04	434.91	11.8081	11216.0	50.53	78.86	970.44	972.38	19.7465	943154868.0	2.95112	-0.22166560615138625	30042.839999999997	0.3857280617164899	4.469986869370595		0.0		384605.0	676.4094138708814	55.2847	4.012496198	2.0	0.693147181	0.012537776	0.007334129	0.001723988
Salmonidae	834881.0	627484.0	65374.0	174609.0	1.0	1.0	1.0	14.62	11.45	4.25	0.32	2.67	43.47	30.64	0.477154046997389	0.37369451697127937	0.010443864229765013	0.13870757180156656	2966890203.0	2618887853.0	57280.0	80503876.0	159038749.0	1674310.0	86.82	236.11	44868.3	50830.4	564.501	3314.0	969.0	165.0	219.0	0.0	0.0	0.0	0.0	0.0	0.0	232.0	242.0	0.0	0.0	56614.0	41319.8	1263422.0	55.16	142.68	22387.8	25362.7	425.968	20091.8	0.0	447.0	3906.0	741.928	922.875	0.0	0.0	0.0	0.0	0.0	0.0	109391.0	16.65	4.98	613.9	695.48	36.8817	629781.0	50.4	78.7	10695.7	12117.0	212.333	70676.0	50.16	205.78	1193.5	1352.1	23.8287	145541.0	54.79	121.54	2680.29	3036.45	49.0698	60477.0	50.42	158.61	1012.62	1147.18	20.3901	42642.0	58.51	156.74	828.85	938.99	14.3769	27755.0	73.05	220.23	661.04	748.88	9.35772	62610.0	85.23	254.04	1749.88	1982.41	21.1092	39362.0	88.4	268.56	1125.08	1274.58	13.2711	75187.0	109.28	267.21	2634.17	2984.2	25.3496	0.0	2.2387799999999998	7.779018376642555	23195.03	0.7048539222452266	4.350011418509645	0.0			1702348.0	573.7819344573837	104.4784	4.648980351	221.0	5.398162702	0.051667739	0.045076592	0.030010933
Sparidae	223571.0	53101.0	12175.0	35730.0	0.0	0.0	1.0	6.0	1.96	0.95	0.25	2.12	22.55	9.16	0.6550218340611353	0.21397379912663755	0.027292576419213975	0.10371179039301309	680472139.0	678970479.0	11633.0	28198.0	280365.0	389458.0	35.24	56.99	19537.6	19580.8	572.732	3001.0	78.0	426.0	271.0	2600556.0	94458.0	452864.0	201027.0	1.0	19.5012	215.0	240.0	17.19	3.83015	26633.0	5644.04	368663.0	32.34	46.86	17155.7	17193.6	542.151	4169.7	0.666986	437.0	3680.0	432.457	441.134	315969.0	34.93	49.65	15846.2	20112.5	464.66	76382.0	17.22	5.25	1933.48	1937.75	112.32600000000001	161368.0	37.72	38.67	8940.05	8959.83	237.30599999999998	41983.0	29.6	50.6	1822.53	1826.56	61.7397	31921.0	36.09	65.42	1684.58	1688.31	46.9426	15287.0	28.22	35.08	631.65	633.04	22.4809	11998.0	30.24	54.49	528.33	529.49	17.6441	6213.0	28.52	43.57	259.24	259.82	9.13676	8147.0	42.24	90.68	501.75	502.86	11.9809	6767.0	41.48	82.65	403.8	404.7	9.95147	8597.0	61.61	113.46	749.25	750.9	12.6426	713093213.0	1.71557	0.1515458319241781	17454.66	0.4062084257206208	4.234408443169523	0.0	0.0	0.0	324577.0	476.98793440241053	74.3708	4.309063392	142.0	4.955827058	0.066636732	0.057410939	0.036502159
Stomiidae	159017.0	90751.0	14494.0	46371.0	0.0	0.0	1.0	6.03	5.76	1.95	0.6	5.04	29.01	14.339999999999998	0.4205020920502093	0.40167364016736407	0.041841004184100423	0.13598326359832638	430362827.0	429590858.0	3928.0	5368.0	86740.0	536638.0	54.26	77.68	64390.7	64506.4	1248.0	1101.0	37.0	869.0	1728.0	3845750.0	187817.0	759895.0	386541.0	1.0	28.5648	116.0	180.0	18.91	8.952119999999999	21161.0	11196.6	467693.0	46.65	64.29	49029.6	49117.7	1087.66	6419.03	1.76888	334.0	2093.0	369.412	326.255	381824.0	56.24	75.01	47835.8	65231.1	887.9630000000001	20013.0	18.57	11.72	863.48	865.03	46.5419	279977.0	45.75	51.99	29743.2	29796.6	651.109	34009.0	43.85	96.18	3454.22	3460.43	79.0907	57896.0	51.84	65.32	6918.04	6930.47	134.642	18733.0	45.36	84.91	1939.39	1942.88	43.5651	12586.0	45.93	85.25	1331.98	1334.37	29.2698	7001.0	43.08	55.87	691.41	692.65	16.2814	12833.0	56.99	76.74	1677.49	1680.51	29.8442	6946.0	59.14	90.85	943.99	945.69	16.1535	17699.0	71.91	106.12	2853.07	2858.19	41.1605	785827371.0	4.90296	-0.6828168511281733	50416.270000000004	0.49431230610134425	4.690458350139888		0.0		310633.0	721.7932881549735	72.5786	4.284670113	299.0	5.700443573	0.078541658	0.069037365	0.047224866
Stylephoridae	219764.0	110327.0	12653.0	70503.0	0.0	0.0	1.0	8.02	6.1	2.92	0.45	3.77	33.78	17.49	0.4585477415666095	0.3487707261292167	0.02572898799313894	0.1669525443110349	488488587.0	487092357.0	3373.0	4684.0	52951.0	524736.0	49.56	88.49	50372.5	50516.9	1075.28	1189.0	39.0	926.0	1583.0	2713626.0	114341.0	683341.0	271289.0	1.0	33.4826	125.0	193.0	23.04	5.57107	23721.0	7691.1	461599.0	42.17	73.96	38485.1	38595.4	945.9	3360.85	1.4029	332.0	1987.0	381.855	346.966	357667.0	52.23	85.81	36540.2	52962.3	732.924	41019.0	17.29	7.87	1451.6	1455.76	84.0553	222293.0	42.92	52.01	19520.4	19576.4	455.51800000000003	49376.0	36.43	98.18	3675.51	3686.04	101.18	62767.0	49.38	92.36	6305.91	6323.98	128.621	20608.0	41.73	95.84	1737.92	1742.9	42.2295	19140.0	40.53	81.3	1572.24	1576.75	39.2213	8934.0	39.3	76.11	708.28	710.31	18.3074	12143.0	52.3	93.26	1286.75	1290.43	24.8832	8321.0	54.67	110.85	915.54	918.17	17.0512	16998.0	72.94	129.57	2443.11	2450.11	34.832	902890062.0	3.84851	-0.4889097763365835	39617.26	0.5177619893428064	4.585292619371314		0.0		413247.0	845.9706347243687	78.8	4.366912997	1.0	0.0	0.0	0.0	0.0
Synbranchidae	165921.0	69485.0	15336.0	29484.0	1.0	1.0	0.0	5.86	3.07	0.76	0.42	1.13	20.98	10.11	0.5796241345202771	0.3036597428288823	0.04154302670623145	0.0751730959446093	539967817.0	539917842.0	7071.0	7304.0	86382.0	174908.0	24.66	16.27	7932.71	7933.45	324.505	1998.0	58.0	929.0	771.0	0.0	0.0	0.0	0.0	0.0	0.0	168.0	227.0	0.0	0.0	26380.0	2117.31	167884.0	24.12	14.08	7458.39	7459.08	311.473	1751.9	0.0	409.0	2791.0	362.48	326.173	174908.0	24.66	16.27	7932.71	7933.45	324.505	34222.0	17.29	6.05	1095.7	1095.8	63.4917	74697.0	27.94	13.91	3860.64	3860.99	138.584	17060.0	21.49	8.54	677.85	677.91	31.6512	16827.0	23.26	17.78	722.29	722.36	31.2189	11166.0	23.29	14.78	480.22	480.26	20.7161	4740.0	23.63	21.96	207.38	207.4	8.79406	2237.0	23.19	13.11	96.06	96.06	4.15028	2206.0	25.81	14.25	105.41	105.42	4.09276	2224.0	25.55	9.93	105.19	105.2	4.12616	2505.0	29.9	30.47	136.96	136.97	4.6475	0.0	0.745839	-0.3171754729601899	7487.700000000001	0.48188751191611057	3.872645088923324	1.0	1.0	1.0	280226.0	518.9679665667926	69.152565	4.236315151	24.0	3.17805383	0.045957136	0.036524005	0.01726505
Syngnathidae	68402.0	21713.0	5577.0	14624.0	0.0	1.0	1.0	4.3	2.58	1.18	0.39	1.68	14.36	8.450000000000001	0.5088757396449703	0.30532544378698223	0.04615384615384615	0.13964497041420115	314580961.0	292933957.0	25809.0	3046963.0	9665359.0	164184.0	27.59	30.66	14160.2	15206.6	522.879	3308.0	60.0	201.0	189.0	0.0	0.0	0.0	0.0	0.0	0.0	232.0	237.0	0.0	0.0	18933.0	3435.65	156019.0	26.7	30.03	13073.1	14039.1	496.876	2645.74	0.0	439.0	3849.0	263.059	326.37	164184.0	27.59	30.66	14160.2	15206.6	522.879	56607.0	15.88	3.73	2856.96	3068.08	180.27700000000002	35207.0	27.58	18.19	3085.83	3313.86	112.124	16158.0	26.78	19.49	1373.25	1474.73	51.4586	27394.0	41.8	56.02	3621.89	3889.54	87.242	7362.0	36.14	33.73	840.21	902.3	23.4459	3853.0	29.32	28.7	358.92	385.44	12.2707	1812.0	26.18	16.44	150.48	161.6	5.7707	2715.0	40.81	40.62	350.41	376.3	8.6465	2028.0	33.5	28.12	215.19	231.09	6.4586	2883.0	39.05	34.27	354.99	381.23	9.18153	0.0	1.30731	-1.0690642386887284	13208.13	0.5884401114206129	4.1163785832390705	1.0	0.0		110316.0	350.676021998674	65.6431	4.184232492	340.0	5.828945618	0.088797537	0.078282947	0.054118206
Tetraodontidae	39919.0	31825.0	5725.0	18375.0	1.0	1.0	1.0	2.04	3.0	1.23	0.22	1.88	7.7	6.5	0.31384615384615383	0.44353741496598637	0.02993197278911565	0.18923076923076923	378032400.0	314450218.0	30260.0	858115.0	7245445.0	202751.0	46.53	77.92	23438.2	26247.8	515.906	3456.0	54.0	143.0	99.0	0.0	0.0	0.0	0.0	0.0	0.0	212.0	227.0	0.0	0.0	21907.0	7940.78	181766.0	39.75	60.37	18010.9	20169.9	462.509	4941.27	0.0	403.0	3354.0	282.35	332.925	202751.0	46.53	77.92	23438.2	26247.8	515.906	32148.0	16.07	3.57	1313.22	1470.63	81.8015	78292.0	36.82	28.25	7388.41	8422.4	199.21599999999998	16691.0	39.06	80.4	1654.32	1869.02	42.4707	16842.0	53.37	73.85	2339.24	2812.23	45.0866	7892.0	50.12	59.22	1035.29	1244.63	20.8783	9089.0	52.84	87.5	1152.12	1365.28	23.3791	2859.0	41.95	74.3	304.67	341.2	7.27481	4037.0	57.41	93.97	582.38	652.2	10.2723	4275.0	63.66	123.77	631.66	744.18	10.8779	6955.0	84.95	138.51	1437.54	1609.86	17.6972	0.0	1.80109	-0.8573907409519763	18330.839999999997	0.8441558441558441	4.255535414944344	0.5	0.5	1.0	96535.0	255.36170973704898	55.9	4.02356438	187.0	5.231108617	0.093579761	0.081275399	0.053229509
Zeidae	244867.0	102528.0	7800.0	82388.0	0.0	1.0	1.0	8.18	6.3	4.09	0.18	4.64	35.15	18.75	0.43626666666666664	0.33599999999999997	0.0096	0.21813333333333332	610433400.0	609364180.0	4642.0	6332.0	77119.0	700841.0	46.98	63.42	51316.1	51406.2	1148.92	1758.0	48.0	917.0	1023.0	1456134.0	55191.0	218771.0	109355.0	1.0	29.7102	155.0	219.0	22.92	2.3896	27317.0	7375.34	640281.0	42.11	51.66	42770.7	42845.7	1049.64	4984.0	0.35901500000000003	394.0	2723.0	453.718	419.441	0.0	0.0	0.0	0.0	0.0	0.0	91168.0	19.18	8.49	2863.97	2869.0	149.45600000000002	240596.0	44.28	39.67	17444.1	17474.8	394.42	81086.0	40.91	43.78	5405.35	5414.84	132.928	90618.0	55.81	70.97	8174.16	8188.5	148.554	25737.0	38.78	62.76	1617.52	1620.35	42.1918	25653.0	36.9	54.68	1539.5	1542.2	42.0541	16323.0	35.12	52.29	928.84	930.46	26.759	32514.0	44.57	61.38	2337.45	2341.55	53.3016	16619.0	57.2	85.14	1510.19	1512.84	27.2443	19967.0	63.47	90.99	2006.31	2009.83	32.7328	687608787.0	4.277069999999999	-0.082102846417088	43827.38999999999	0.5334281650071124	4.631146358127973	0.0	0.0	0.0	437583.0	716.8398714749226	49.2	3.895893623	6.0	1.791759469	0.036417875	0.025462662	0.008241161
